INSERT INTO AssetThumbnail (asset_thumb_id, asset_thumb_name, asset_thumb_url) VALUES
(1, 'Thumbnail_1', 'http://www.thompson.com/'),
(2, 'Thumbnail_2', 'http://www.taylor.com/'),
(3, 'Thumbnail_3', 'https://mccarthy.info/'),
(4, 'Thumbnail_4', 'http://gray.info/'),
(5, 'Thumbnail_5', 'http://www.knight-gill.net/');

INSERT INTO Map (map_id, map_building, map_floor, map_url) VALUES
(1, 'Brown LLC', 8, 'https://rivera-brown.com/'),
(2, 'Armstrong, Jacobson and Adams', 2, 'https://www.hill.biz/'),
(3, 'Cain and Sons', 7, 'http://cruz.com/'),
(4, 'Fowler-Jones', 6, 'https://mcgee.com/'),
(5, 'Morrison, Wiley and Young', 2, 'https://www.riley-cunningham.com/');

INSERT INTO Room (room_id, room_name, room_floor_no, r_coordinates, map_id) VALUES
(1, 'Room_1', 8, '23,82', 4),
(2, 'Room_2', 1, '18,7', 3),
(3, 'Room_3', 10, '31,28', 2),
(4, 'Room_4', 1, '2,89', 3),
(5, 'Room_5', 10, '12,24', 1),
(6, 'Room_6', 10, '93,10', 3),
(7, 'Room_7', 8, '79,89', 4),
(8, 'Room_8', 10, '21,26', 2),
(9, 'Room_9', 8, '26,9', 5),
(10, 'Room_10', 8, '5,25', 2);

INSERT INTO Department (department_id, department_name, map_id, d_coordinates) VALUES
(1, 'Department_1', 4, '96,8'),
(2, 'Department_2', 4, '92,66'),
(3, 'Department_3', 4, '65,0'),
(4, 'Department_4', 3, '100,74'),
(5, 'Department_5', 2, '79,72');

INSERT INTO Asset (asset_id, asset_name, asset_type, asset_thumb_id, room_id) VALUES
(1, 'UF-4857', 'HVAC', 5, 10),
(2, 'ES-2564', 'Projector', 4, 7),
(3, 'EX-3771', 'Laptop', 5, 5),
(4, 'WO-4862', 'Projector', 1, 5),
(5, 'SV-7877', 'Server', 5, 5),
(6, 'QH-3055', 'HVAC', 2, 6),
(7, 'WF-4092', 'Projector', 1, 3),
(8, 'NU-9674', 'Printer', 2, 4),
(9, 'AH-1357', 'Router', 4, 5),
(10, 'WK-3427', 'Printer', 4, 10),
(11, 'ET-2976', 'Router', 1, 3),
(12, 'YR-5934', 'Printer', 3, 1),
(13, 'LP-9575', 'Server', 2, 9),
(14, 'HL-3653', 'Router', 4, 6),
(15, 'PW-5164', 'Router', 1, 7),
(16, 'RC-7110', 'Projector', 3, 2),
(17, 'AZ-2561', 'Laptop', 2, 9),
(18, 'ZZ-4597', 'Server', 4, 8),
(19, 'OD-8745', 'Server', 5, 4),
(20, 'LF-8955', 'Router', 2, 8),
(21, 'PX-7495', 'Laptop', 3, 2),
(22, 'KI-3324', 'Projector', 1, 6),
(23, 'BQ-2626', 'Server', 3, 10),
(24, 'KN-7514', 'Router', 5, 10),
(25, 'IL-7000', 'Projector', 1, 9),
(26, 'QZ-5210', 'Server', 3, 8),
(27, 'ZL-7748', 'HVAC', 4, 7),
(28, 'JA-2193', 'Router', 4, 4),
(29, 'HT-6377', 'Router', 2, 8),
(30, 'PG-2942', 'Laptop', 1, 8),
(31, 'TK-6762', 'HVAC', 4, 10),
(32, 'TO-6296', 'Projector', 1, 4),
(33, 'VJ-7392', 'Printer', 4, 7),
(34, 'NS-4413', 'HVAC', 5, 1),
(35, 'RN-7355', 'Printer', 5, 5),
(36, 'BY-5252', 'Server', 5, 2),
(37, 'NT-2529', 'Laptop', 1, 7),
(38, 'JE-8045', 'Laptop', 2, 5),
(39, 'GA-3077', 'Projector', 3, 8),
(40, 'XN-6686', 'Printer', 3, 7),
(41, 'CD-7148', 'Printer', 4, 6),
(42, 'NT-6878', 'Projector', 1, 8),
(43, 'QI-8992', 'Projector', 1, 1),
(44, 'OO-1411', 'Printer', 5, 10),
(45, 'CL-8034', 'Router', 5, 6),
(46, 'IP-5688', 'Server', 3, 7),
(47, 'WQ-2466', 'Laptop', 1, 5),
(48, 'FC-7773', 'Projector', 3, 6),
(49, 'OA-5228', 'HVAC', 4, 10),
(50, 'MI-5617', 'Router', 5, 3);

INSERT INTO Contract (contract_id, start_date, end_date, is_expired_flag, asset_id) VALUES
(1, 2021-11-21, 2024-12-28, True, 23),
(2, 2021-08-22, 2025-08-25, False, 14),
(3, 2021-12-14, 2027-04-27, True, 39),
(4, 2022-07-11, 2027-11-16, True, 8),
(5, 2023-11-15, 2028-05-14, False, 41),
(6, 2022-11-04, 2027-07-28, False, 13),
(7, 2023-08-02, 2025-11-20, False, 33),
(8, 2021-10-21, 2025-06-29, True, 8),
(9, 2021-09-28, 2027-08-29, False, 35),
(10, 2024-07-21, 2025-08-02, False, 43),
(11, 2022-12-23, 2028-09-05, True, 42),
(12, 2021-03-15, 2027-02-13, False, 47),
(13, 2023-03-16, 2027-08-31, False, 50),
(14, 2022-03-24, 2026-06-25, True, 12),
(15, 2022-03-23, 2028-06-15, False, 16),
(16, 2021-02-22, 2026-10-10, True, 11),
(17, 2024-09-22, 2026-09-08, False, 17),
(18, 2022-09-24, 2027-07-04, False, 20),
(19, 2024-08-22, 2025-08-09, True, 8),
(20, 2022-04-29, 2026-11-29, False, 10),
(21, 2024-05-19, 2025-07-02, False, 16),
(22, 2021-04-11, 2028-01-30, False, 10),
(23, 2021-06-27, 2027-04-15, True, 12),
(24, 2020-10-19, 2025-07-27, False, 32),
(25, 2021-09-16, 2025-11-06, True, 41),
(26, 2021-03-26, 2028-06-03, True, 41),
(27, 2024-03-18, 2028-09-28, True, 47),
(28, 2023-02-02, 2028-02-23, False, 28),
(29, 2020-09-05, 2029-03-05, False, 23),
(30, 2023-01-22, 2028-05-11, False, 18),
(31, 2020-12-24, 2026-06-23, False, 37),
(32, 2024-01-09, 2026-03-24, False, 5),
(33, 2022-01-27, 2024-11-22, True, 23),
(34, 2021-04-16, 2027-08-17, True, 24),
(35, 2023-03-17, 2029-03-23, True, 19),
(36, 2024-04-27, 2025-04-14, False, 28),
(37, 2021-07-05, 2028-11-22, True, 27),
(38, 2021-02-21, 2026-07-22, True, 46),
(39, 2020-04-07, 2028-09-24, False, 41),
(40, 2021-06-17, 2028-08-17, False, 35),
(41, 2020-02-05, 2028-09-18, False, 32),
(42, 2023-12-04, 2029-07-20, True, 36),
(43, 2022-08-14, 2026-08-05, False, 25),
(44, 2022-10-12, 2025-05-09, False, 46),
(45, 2021-02-13, 2025-02-13, True, 2),
(46, 2021-01-21, 2025-02-15, False, 10),
(47, 2022-02-09, 2026-05-21, True, 14),
(48, 2020-08-06, 2025-07-05, False, 1),
(49, 2020-06-03, 2024-12-28, True, 26),
(50, 2022-09-16, 2026-03-21, False, 11);